const,log_vpd,log_pdforest,log_hvi,log_vpd_squared
0.0,0.4356597112968318,-0.18105804869036657,0.6898091873450897,-0.21591284985495612
