const,log_vpd,log_pdforest,log_hvi,log_hvi_squared
0.0,0.22578852390178697,-0.18460237787795178,0.669630937372616,-0.01657994265139002
