const,log_vpd,log_pdforest,log_hvi,log_vpd_squared,log_hvi_squared
0.0,0.4352402871889661,-0.18114120231983477,0.6881443270551653,-0.21540805955370015,-0.0018005164684233776
