const,log_vpd,log_pdforest,log_hvi,log_pdforest_squared
0.0,0.22287713859989816,0.20241815569593918,0.6819695332515832,-0.4168605951576076
