const,log_vpd,log_pdforest,log_hvi,log_vpd_squared,log_pdforest_squared
0.0,0.3185911941100551,0.1970363664866585,0.6842706568349239,-0.09811616191758855,-0.4096608021362138
