const,log_vpd,log_pdforest,log_hvi,log_pdforest_squared,log_hvi_squared
0.0,0.22485185686769316,0.20403670521689193,0.636612003989755,-0.4208708730182559,-0.04936677713878871
