const,log_vpd,log_pdforest,log_hvi
0.0,0.10358876465857,-0.13464053225634925,0.717870695926721
