const,log_vpd,log_pdforest,log_hvi
0.0,0.2251180699850089,-0.18389779913557655,0.684855042176348
